step,wall_us,t_min_us,t_max_us,t_mean_us,imbalance_pct,elems_min,elems_max,gflops
0,87658.9,85353.1,87643.1,86498.1,2.64747,10000,10000,1.7397
1,86472,85234.9,86457,85845.9,1.42364,10000,10000,1.76358
2,85782.1,84712,85768,85240,1.2388,10000,10000,1.77776
3,80550,80503,80535.2,80519.1,0.0399738,10000,10000,1.89324
4,91773,85690,91754,88722,6.83476,10000,10000,1.66171
5,84554.9,79029.8,84536.8,81783.3,6.73364,10000,10000,1.80356
6,96030,91279,96011.2,93645.1,5.05326,10000,10000,1.58805
7,85164.1,84469.8,85147.9,84808.8,0.799519,10000,10000,1.79066
8,82749.1,82135.9,82735.1,82435.5,0.726806,10000,10000,1.84292
9,88395.1,84457.9,88378,86417.9,4.53619,10000,10000,1.72521
10,87188,77952.9,87168.9,82560.9,11.1628,10000,10000,1.74909
11,80210.9,79785.1,80195.9,79990.5,0.513555,10000,10000,1.90124
12,87611,86123.9,87559.9,86841.9,1.65357,10000,10000,1.74065
13,88960.2,80395,88942.1,84668.5,10.0947,10000,10000,1.71425
14,87299.1,82518.1,87277.9,84898,5.60648,10000,10000,1.74687
15,88218,82907.9,88201,85554.5,6.18685,10000,10000,1.72867
16,88058,84200.9,88038,86119.4,4.45557,10000,10000,1.73181
17,87632.9,84226.8,87616,85921.4,3.94444,10000,10000,1.74021
18,87195.2,81029.2,87176.1,84102.6,7.30882,10000,10000,1.74895
19,80511.1,80249.1,80494.9,80372,0.30584,10000,10000,1.89415
20,87362.1,83203.1,87345.1,85274.1,4.85733,10000,10000,1.74561
21,86986.8,86967,86973,86970,0.00685347,10000,10000,1.75314
22,89097,84832.2,89082,86957.1,4.88725,10000,10000,1.71162
23,84621,80889,84601.2,82745.1,4.48628,10000,10000,1.80215
24,88113.1,87854.9,88097.8,87976.3,0.276152,10000,10000,1.73073
25,86261,85925.8,86245.8,86085.8,0.371673,10000,10000,1.76789
26,81156,80938.8,81142.9,81040.9,0.251831,10000,10000,1.8791
27,90545.9,89211.9,90530.9,89871.4,1.46758,10000,10000,1.68423
28,84381.8,78502.2,84365.1,81433.7,7.19967,10000,10000,1.80726
29,95201,89679,95174.1,92426.5,5.94534,10000,10000,1.60187
30,86730,85499,86712.8,86105.9,1.40965,10000,10000,1.75833
31,86746,78194.9,86726.9,82460.9,10.3468,10000,10000,1.75801
32,87945.9,84309.1,87930,86119.5,4.20446,10000,10000,1.73402
33,89136.8,80956,89119,85037.5,9.59927,10000,10000,1.71085
34,84755.9,83502.1,84740.9,84121.5,1.47266,10000,10000,1.79928
35,85985.9,85727,85972.1,85849.5,0.285493,10000,10000,1.77355
36,86704,85035.8,86689,85862.4,1.9254,10000,10000,1.75886
37,86845.2,85185.1,86828.9,86007,1.91135,10000,10000,1.756
38,86641.1,84329.8,86623.9,85476.9,2.68384,10000,10000,1.76014
39,90482,82212.2,90465.1,86338.6,9.55871,10000,10000,1.68542
40,87828.2,83684,87810,85747,4.81191,10000,10000,1.73635
41,87404,79501.2,87386.1,83443.6,9.44947,10000,10000,1.74477
42,80843,80515.9,80827,80671.4,0.385683,10000,10000,1.88637
43,86238.1,84812.9,86222.9,85517.9,1.64879,10000,10000,1.76836
44,87222.1,86824.9,87204.9,87014.9,0.436752,10000,10000,1.74841
45,86883.1,85177.9,86866.9,86022.4,1.96339,10000,10000,1.75523
46,86226,83436,86211,84823.5,3.27145,10000,10000,1.76861
47,87679.9,85219.9,87664.8,86442.4,2.82845,10000,10000,1.73928
48,87962.9,86599.8,87947.1,87273.5,1.54377,10000,10000,1.73369
49,80215,79681.9,80200.9,79941.4,0.649272,10000,10000,1.90114
50,88342,85026,88325,86675.5,3.80615,10000,10000,1.72625
51,88778,80773.1,88761.1,84767.1,9.42344,10000,10000,1.71777
52,86302,84396.1,86285.1,85340.6,2.21347,10000,10000,1.76705
53,89232.2,86499,89215,87857,3.09146,10000,10000,1.70902
54,85855,84666,85835.9,85251,1.37232,10000,10000,1.77625
55,88030.8,84308.1,88011,86159.6,4.2977,10000,10000,1.73235
56,88506.9,80063.8,88486.9,84275.4,9.99472,10000,10000,1.72303
57,82138.1,81265.9,82124.9,81695.4,1.05149,10000,10000,1.85663
58,87529.9,86304.9,87513.9,86909.4,1.39113,10000,10000,1.74226
59,88308.8,86046,88293.1,87169.5,2.57784,10000,10000,1.72689
60,86689.9,85212.9,86674,85943.5,1.69999,10000,10000,1.75914
61,88522,84945,88309,86627,3.88341,10000,10000,1.72274
62,87572.8,85174.8,87544,86359.4,2.74338,10000,10000,1.74141
63,87096,81383.9,87077.1,84230.5,6.75907,10000,10000,1.75094
64,80030.9,80012.1,80013,80012.6,0.00119191,10000,10000,1.90551
65,87309.8,83879.9,87288.1,85584,3.98228,10000,10000,1.74665
66,87286.2,85164.1,87270,86217,2.44262,10000,10000,1.74713
67,88447.1,83666.1,88428,86047.1,5.5341,10000,10000,1.72419
68,87550.9,87090,87535.9,87312.9,0.510626,10000,10000,1.74184
69,86315.9,84636,86299.9,85467.9,1.94684,10000,10000,1.76677
70,86273,86166.9,86257.9,86212.4,0.105641,10000,10000,1.76765
71,87647.9,81136.9,87630,84383.5,7.69474,10000,10000,1.73992
72,80376.9,80028.1,80362.1,80195.1,0.416515,10000,10000,1.89731
73,87984.8,83249.1,87969.1,85609.1,5.5134,10000,10000,1.73325
74,91353.9,87223.1,91326,89274.5,4.59587,10000,10000,1.66933
75,86649.9,79441.1,86633,83037,8.66107,10000,10000,1.75996
76,87404,85202.9,87385.9,86294.4,2.52967,10000,10000,1.74477
77,86403.1,84208,86387.9,85297.9,2.55558,10000,10000,1.76498
78,87729.9,85958,87715.1,86836.6,2.02351,10000,10000,1.73829
79,81563,81412.1,81548,81480,0.166788,10000,10000,1.86972
80,86672.1,84754.9,86655.9,85705.4,2.21796,10000,10000,1.75951
81,87075,86928.1,87064,86996.1,0.156212,10000,10000,1.75136
82,129480,90877.1,129465,110171,35.0254,10000,10000,1.17779
83,158618,114412,158600,136506,32.3707,10000,10000,0.96143
84,117768,110299,117748,114023,6.533,10000,10000,1.29492
85,85829,81314.1,85809,83561.5,5.37916,10000,10000,1.77679
86,101951,100036,101935,100985,1.88047,10000,10000,1.49581
87,82801.8,81996,82782,82389,0.954091,10000,10000,1.84175
88,86726.9,85123.1,86712.1,85917.6,1.84952,10000,10000,1.75839
89,87071.9,84302.9,87055,85678.9,3.21207,10000,10000,1.75143
90,87189.2,80658.9,87163.9,83911.4,7.75224,10000,10000,1.74907
91,87346.8,80180.2,87323,83751.6,8.52854,10000,10000,1.74591
92,101408,92486.9,101390,96938.4,9.18421,10000,10000,1.50383
93,80626,80322,80611,80466.5,0.35911,10000,10000,1.89145
94,85929.9,81757.1,85913.2,83835.1,4.95748,10000,10000,1.7747
95,92640.9,83947.9,92623,88285.4,9.82619,10000,10000,1.64614
96,82465.9,82014.1,82453,82233.5,0.533759,10000,10000,1.84925
97,86896.9,82756,86880,84818,4.86209,10000,10000,1.75495
98,86897.9,85821.9,86881.9,86351.9,1.22755,10000,10000,1.75493
99,79973,79922.9,79958.9,79940.9,0.0450348,10000,10000,1.90689
100,87369,86171.2,87354.2,86762.7,1.36353,10000,10000,1.74547
101,88692.2,84924,88675,86799.5,4.3215,10000,10000,1.71943
102,87779,80537.1,87760.9,84149,8.58459,10000,10000,1.73732
103,88279,84764,88259,86511.5,4.0399,10000,10000,1.72748
104,86235,82719.1,86219.1,84469.1,4.14351,10000,10000,1.76842
105,87214.9,86365,87200.2,86782.6,0.962382,10000,10000,1.74855
106,80785,80061.9,80770,80416,0.880551,10000,10000,1.88773
107,90720.2,86952.9,90704,88828.4,4.22279,10000,10000,1.68099
108,83318.9,81251.9,83302,82276.9,2.49178,10000,10000,1.83032
109,86221,85429.9,86208.1,85819,0.90679,10000,10000,1.76871
110,88429.9,83719,87552.1,85635.5,4.47601,10000,10000,1.72453
111,96140.9,79447,96123.9,87785.5,18.9973,10000,10000,1.58621
112,85258,76942,85238,81090,10.2306,10000,10000,1.78869
113,86648.9,86434.1,86636.1,86535.1,0.233363,10000,10000,1.75998
114,80556.2,80287.9,80544,80416,0.318421,10000,10000,1.89309
115,87127,84938,87111,86024.5,2.52596,10000,10000,1.75032
116,86792.9,86482,86779.1,86630.6,0.342915,10000,10000,1.75706
117,86681.1,84446,86665.9,85555.9,2.5947,10000,10000,1.75932
118,86528.1,85584.9,86509,86046.9,1.07396,10000,10000,1.76243
119,87141,84921.8,87123.9,86022.9,2.55982,10000,10000,1.75004
120,86611,85974,86596,86285,0.720906,10000,10000,1.76075
121,80303.9,79620.8,80287.9,79954.4,0.834345,10000,10000,1.89904
122,89051,84075.9,89034.8,86555.4,5.72913,10000,10000,1.7125
123,85918.9,85365.1,85904.1,85634.6,0.629494,10000,10000,1.77493
124,86769.8,85751.1,86756,86253.5,1.16509,10000,10000,1.75752
125,88576.8,87752.1,88561.1,88156.6,0.917633,10000,10000,1.72167
126,86919.1,85910.1,86903.1,86406.6,1.14923,10000,10000,1.75451
127,91207,89747.2,91190.1,90468.6,1.59493,10000,10000,1.67202
128,88586.8,87901.1,88573,88237,0.76143,10000,10000,1.72148
129,81976.9,81910.1,81963.1,81936.6,0.0645974,10000,10000,1.86028
130,91761.8,86445.1,91737,89091.1,5.93992,10000,10000,1.66191
131,85444,83247.9,85423,84335.4,2.5791,10000,10000,1.7848
132,88906,87436,88889.1,88162.5,1.64828,10000,10000,1.71529
133,89907.9,89121.8,89891,89506.4,0.859311,10000,10000,1.69618
134,89722.9,88040.1,89708.1,88874.1,1.87679,10000,10000,1.69968
135,274190,272711,274176,273444,0.53579,10000,10000,0.556184
136,1.27283e+06,1.26921e+06,1.27282e+06,1.27102e+06,0.283323,10000,10000,0.119812
137,2.03566e+06,2.0314e+06,2.03565e+06,2.03352e+06,0.208999,10000,10000,0.0749141
138,3.036e+06,3.02165e+06,3.03597e+06,3.02881e+06,0.472663,10000,10000,0.0502306
139,2.96099e+06,2.95321e+06,2.96098e+06,2.95709e+06,0.262825,10000,10000,0.051503
140,2.98579e+06,2.95947e+06,2.98577e+06,2.97262e+06,0.884843,10000,10000,0.0510752
141,3.07818e+06,3.07549e+06,3.07816e+06,3.07683e+06,0.0868801,10000,10000,0.0495423
142,2.9566e+06,2.94583e+06,2.95658e+06,2.95121e+06,0.364292,10000,10000,0.0515795
143,2.48011e+06,2.47539e+06,2.48009e+06,2.47774e+06,0.190004,10000,10000,0.0614892
144,1.39816e+06,1.39511e+06,1.39814e+06,1.39662e+06,0.217451,10000,10000,0.109072
145,93353,89414.1,93334,91374,4.28988,10000,10000,1.63358
146,82038.9,81008,82022.9,81515.4,1.2451,10000,10000,1.85887
147,87056.9,86095.1,87040.2,86567.6,1.09174,10000,10000,1.75173
148,92599.2,91345.1,92581,91963.1,1.34398,10000,10000,1.64688
149,89127.1,82362.9,87748.1,85055.5,6.33135,10000,10000,1.71104
150,86870,83586,86852.1,85219,3.83259,10000,10000,1.7555
151,88505,85681.9,88487.9,87084.9,3.22208,10000,10000,1.72307
152,86936,85740.1,86921,86330.5,1.36787,10000,10000,1.75416
153,92997.8,89849,92981.1,91415,3.42625,10000,10000,1.63982
154,88195.1,87125.1,88034.9,87580,1.03883,10000,10000,1.72912
155,81172.9,80755.9,81159.8,80957.9,0.498878,10000,10000,1.8787
156,89804.9,87091,89784.9,88437.9,3.04608,10000,10000,1.69813
157,89969.2,88712.9,89948.2,89330.6,1.38278,10000,10000,1.69503
158,87661,85449,87644.1,86546.5,2.53635,10000,10000,1.73966
159,89319,88527.9,89302.8,88915.3,0.871459,10000,10000,1.70736
160,90319.2,84687,90282.9,87485,6.39644,10000,10000,1.68846
161,87950.9,82489,87928.1,85208.5,6.38321,10000,10000,1.73392
162,86862.1,86061,86838,86449.5,0.898798,10000,10000,1.75566
163,80895.9,79905,80882.1,80393.6,1.21532,10000,10000,1.88514
164,88247.1,85188.2,88228.9,86708.5,3.50691,10000,10000,1.7281
165,89809.9,85484,89793,87638.5,4.91672,10000,10000,1.69803
166,86900,85373.9,86884,86129,1.75335,10000,10000,1.75489
167,88904.1,85572,88887,87229.5,3.80029,10000,10000,1.71533
168,91797.1,88866.9,91779,90323,3.22404,10000,10000,1.66127
169,87033,77663.9,87016.1,82340,11.358,10000,10000,1.75221
170,87113.9,85948,87099.1,86523.5,1.33037,10000,10000,1.75058
171,88543.9,82345,88524.8,85434.9,7.23335,10000,10000,1.72231
172,84878,78791.9,80272.9,79532.4,1.86221,10000,10000,1.7967
173,89278.9,84601.9,89260.8,86931.3,5.35933,10000,10000,1.70813
174,87920.2,82688.8,87897.1,85292.9,6.10631,10000,10000,1.73453
175,87971.9,85371,87954,86662.5,2.98056,10000,10000,1.73351
176,106029,100209,106008,103109,5.62422,10000,10000,1.43829
177,155886,131334,155867,143600,17.0844,10000,10000,0.978278
178,156516,105421,156497,130959,39.0015,10000,10000,0.974341
179,96031.9,85081.8,96011.9,90546.8,12.0712,10000,10000,1.58801
180,87737.1,82078.9,87719.9,84899.4,6.64431,10000,10000,1.73815
181,87547.8,84030.2,87531.1,85780.6,4.08127,10000,10000,1.74191
182,87389.9,86734.1,87374.9,87054.5,0.73617,10000,10000,1.74505
183,88660,86913.8,88643.8,87778.8,1.97082,10000,10000,1.72005
184,81627.1,80915.9,81613.1,81264.5,0.85786,10000,10000,1.86825
185,86451.1,82644.9,86433.9,84539.4,4.48187,10000,10000,1.764
186,101984,88049.9,101965,95007.4,14.6463,10000,10000,1.49533
187,83732.8,83069.1,83717.1,83393.1,0.777069,10000,10000,1.82127
188,85094,80477,85076.8,82776.9,5.55688,10000,10000,1.79214
189,89609.9,88775.2,89593.2,89184.2,0.917219,10000,10000,1.70182
190,87176.1,86179,87160.8,86669.9,1.13281,10000,10000,1.74933
191,93430,89910,93415,91662.5,3.8238,10000,10000,1.63224
192,93122,85246.8,93102.9,89174.9,8.8098,10000,10000,1.63764
193,81236.1,81068,81221.1,81144.6,0.188632,10000,10000,1.87724
194,82991.1,80052.9,82975.9,81514.4,3.58589,10000,10000,1.83755
195,86000,84330.1,85985.9,85158,1.94441,10000,10000,1.77326
196,86686.1,86230,86670.9,86450.5,0.509929,10000,10000,1.75922
197,87522,86389.1,87507,86948,1.28576,10000,10000,1.74242
198,87364.9,82654,87340.8,84997.4,5.51409,10000,10000,1.74555
199,86758.1,84844.1,86741,85792.5,2.21098,10000,10000,1.75776
